Time,Interest,Engagement,Excitement
1741732865.124389,0.8135861255799378,0.9864355592510589,0.5814444231415892
1741732865.1745481,0.8154145597340854,0.9859133299988454,0.5788774453286756
1741732865.2247593,0.81723678401485,0.9853807496166392,0.5763020386807325
1741732865.2749898,0.8190515580855268,0.984838154723901,0.5737199195862497
1741732865.3251994,0.8208574248658908,0.9842859816633172,0.5711331622071711
1741732865.3754413,0.8226562827394311,0.9837236457037156,0.568539041225288
1741732865.425654,0.8244459052733608,0.9831518416187649,0.5659407656316918
1741732865.4759316,0.826229613107175,0.9825694952334013,0.5633334956740045
1741732865.5261486,0.8280029449771814,0.9819780614742845,0.560723750192851
1741732865.5763543,0.8297676344921137,0.9813769890496746,0.5581090159352748
1741732865.6265938,0.8315252506890943,0.9807657350592076,0.5554869560871234
1741732865.6767986,0.8332733702012028,0.9801451426462083,0.552861186399998
1741732865.7273774,0.835026127847476,0.979510064870288,0.5502102931822209
1741732865.7775962,0.8367580745336066,0.9788697172800397,0.547572758281434
1741732865.8278232,0.8384819582269043,0.9782195217665539,0.5449293593068534
1741732865.8781862,0.840202137518745,0.9775577788405205,0.5422733342263528
1741732865.9285467,0.8419138069680799,0.9768862853765404,0.5396120296453225
1741732865.9787729,0.8436125262216538,0.9762068366374399,0.5369524248019707
1741732866.029014,0.8453033453900894,0.9755174592564287,0.5342866788236912
1741732866.0794358,0.8469917694021255,0.9748158319359952,0.5316060039714267
1741732866.1296668,0.8486653476465075,0.974107132671481,0.5289301736474333
1741732866.179879,0.8503298528963606,0.9733890001567609,0.5262500756875479
1741732866.2300944,0.8519860114114508,0.9726611271046789,0.5235645492623551
1741732866.2803452,0.8536348371981012,0.9719230523762422,0.520871928216533
1741732866.3305688,0.8552742652784725,0.9711756971789677,0.5181755803120459
1741732866.3809938,0.8569117054427922,0.9704156129931126,0.51546321881542
1741732866.4312136,0.858533934719644,0.9696489392459812,0.5127567491591729
1741732866.481656,0.8601547448773826,0.9688691507767507,0.5100331516042877
1741732866.5321062,0.8617671642337044,0.9680795067571677,0.5073040069978182
1741732866.5823712,0.8633650523006253,0.9672830879233643,0.5045798126464465
1741732866.6326585,0.8649550316949672,0.9664766613052341,0.5018493738233102
1741732866.6831067,0.8665414184546368,0.9656579611557958,0.4991051702404791
1741732866.7333708,0.8681133666583635,0.9648325945097671,0.4963659773635497
1741732866.7836132,0.8696759794164477,0.9639979689698442,0.49362302587889717
1741732866.8340583,0.871236171988704,0.9631503140239212,0.49086406821748924
1741732866.884283,0.8727808624121349,0.9622967446317734,0.48811224841466905
1741732866.9345355,0.8743177001295115,0.9614331167170609,0.48535405641885665
1741732866.9847732,0.87584537548976,0.9605601607049441,0.48259183485826723
1741732867.034969,0.8773630658308607,0.959678371216397,0.4798271058945932
1741732867.0851867,0.8788726758368464,0.9587866504243558,0.477056412281918
1741732867.135417,0.8803739177163992,0.9578851532133008,0.4742802608512863
1741732867.1855826,0.8818644723419622,0.9569752951754946,0.4715029726799832
1741732867.2361815,0.8833590259017672,0.9560479473805409,0.4686969513229091
1741732867.28647,0.8848355633903872,0.9551167147089045,0.465903451991497
1741732867.3367107,0.8863018728894271,0.9541768470785572,0.4631079689738779
1741732867.3869734,0.8877599953340162,0.9532270479067316,0.4603066276900317
1741732867.4372282,0.8892090317972501,0.9522678962558584,0.4575011459847861
1741732867.4874294,0.8906476712090813,0.9513002882208292,0.45469410219770945
1741732867.5376375,0.8920776446821054,0.9503230810216247,0.45188214908124086
1741732867.587987,0.8935027284422024,0.9493336252740401,0.44905776361450866
1741732867.638266,0.8949169018018612,0.9483360679745024,0.4462328312234833
1741732867.6886735,0.8963257182553648,0.9473264643273306,0.44339621963045067
1741732867.7389166,0.897720994107047,0.9463106961070751,0.44056443061623696
1741732867.7891448,0.8991069059789437,0.9452858082515861,0.4377291084699281
1741732867.8394134,0.9004849775413443,0.9442506617286309,0.43488711868643676
1741732867.8895998,0.9018518254725502,0.9432078180605048,0.4320454671269561
1741732867.93981,0.9032103584066259,0.942155086393766,0.4291981468228363
1741732867.9902678,0.9045665216064643,0.941087727064436,0.42633250961423996
1741732868.0409055,0.9059183885641668,0.9400070453300161,0.4234523279218851
1741732868.0911303,0.9072501738539913,0.9389257756999897,0.42059139648717475
1741732868.1413739,0.9085734159629977,0.9378347471202828,0.41772520699425864
1741732868.1915686,0.9098863235776614,0.9367354517795321,0.41485766103002725
1741732868.2417538,0.9111899415420393,0.9356270442949782,0.41198651819868437
1741732868.291993,0.9124858834929881,0.9345081299917184,0.40910819249524794
1741732868.3421915,0.9137716981235122,0.933380818523534,0.4062281187276462
1741732868.3923962,0.9150485786890128,0.932244081464585,0.4033436492267349
1741732868.4426506,0.9163176011330166,0.9310969320085661,0.40045231249415264
1741732868.4928823,0.9175769248783735,0.9299410198202006,0.39755828208523075
1741732868.5430646,0.9188258792452364,0.9287769985040688,0.39466315301626226
1741732868.5932577,0.9200659674940352,0.9276034875413433,0.3917634696784039
1741732868.6434536,0.9212969743165292,0.926420683329077,0.3888597251272675
1741732868.6936452,0.9225187133760157,0.9252287656738103,0.385952359984399
1741732868.743814,0.923730723947415,0.9240281988487158,0.38304249155628395
1741732868.7940242,0.9249345473096073,0.9228174460165957,0.3801264051480721
1741732868.84421,0.9261285860838226,0.9215981043469716,0.3772079568772928
1741732868.8944206,0.9273140019122534,0.9203689873179611,0.3742843071064443
1741732868.9446623,0.9284909131476045,0.9191299408948873,0.37135511964489604
1741732868.9948697,0.9296577756898653,0.917882592571477,0.36842424021632053
1741732869.0450652,0.9308151143176585,0.9166264076605304,0.36549038788021865
1741732869.0952804,0.9319636426032935,0.9153606071611531,0.3625517473906696
1741732869.145539,0.9331038794257338,0.9140845826318512,0.3596069394025105
1741732869.1957529,0.9342338015216929,0.9128005991096985,0.3566611904251248
1741732869.2462018,0.935359647283439,0.9115014558814142,0.3536980787200276
1741732869.2964494,0.9364716629816551,0.9101983879212727,0.350743246669272
1741732869.346681,0.9375739970730693,0.9088866638244604,0.3477858545993812
1741732869.3969233,0.9386672177855192,0.9075656107129166,0.34482438268925414
1741732869.4471533,0.939750824459647,0.9062358345941551,0.34186018862227957
1741732869.4973407,0.9408241565707507,0.904898179746707,0.3388951269132906
1741732869.547581,0.9418892547430102,0.9035500967145768,0.3359235514629172
1741732869.5977762,0.9429440246215279,0.9021942312755235,0.3329512983207899
1741732869.6481853,0.9439938502659847,0.9008235561277081,0.3299630453218095
1741732869.698407,0.9450303519433393,0.8994489953129211,0.3269826211268406
1741732869.7486346,0.946057569230783,0.8980653080311239,0.32399857454831177
1741732869.7988555,0.9470752253399328,0.896672867582853,0.32101171030127945
1741732869.8491538,0.9480849963056754,0.8952693347261658,0.31801704416322424
1741732869.8994844,0.949085941215107,0.8938559449263179,0.31501726425874427
1741732869.9497108,0.9500753536276286,0.8924365674734015,0.312020549030885
1741732869.9999316,0.9510551888932978,0.8910084711546203,0.3090210806114667
1741732870.0501685,0.9520258692506851,0.8895710334953401,0.3060175564498611
1741732870.100396,0.9529868790906949,0.8881250134966998,0.30301156554485353
1741732870.1506,0.9539379640091603,0.8866708165595776,0.30000393562402305
1741732870.2008154,0.9548797648634486,0.8852074710906817,0.29699265178961104
1741732870.2510157,0.955811779702239,0.8837357598483139,0.2939793229803299
1741732870.301237,0.9567346712340672,0.8822546321543803,0.2909618006044538
1741732870.351475,0.9576483367418017,0.8807642257451029,0.28794038216754464
1741732870.4017074,0.9585523628286445,0.8792652068696537,0.28491642328500233
1741732870.452085,0.9594494108649245,0.8777530598718238,0.281880876484329
1741732870.5025218,0.9603378805552969,0.8762303304530418,0.27883894222630606
1741732870.5527823,0.9612136522879097,0.8747041672451743,0.27580484981479253
1741732870.6029875,0.9620788910836776,0.8731709731737514,0.27277134719744056
1741732870.6531925,0.9629345524282426,0.8716290976773382,0.2697351446422723
1741732870.7034442,0.9637814187814234,0.8700770945673653,0.2666934144700059
1741732870.753703,0.9646187908351551,0.868516203201774,0.26364860870549356
1741732870.803889,0.9654453476231323,0.8669489383937329,0.26060560479788564
1741732870.8541152,0.9662629612066401,0.8653717765257851,0.25755754753836346
1741732870.9043646,0.9670713195036902,0.8637852680099387,0.254505527409032
1741732870.9545736,0.9678694007946596,0.8621914323258106,0.25145342210494265
1741732871.0047576,0.9686574609264117,0.8605898127316486,0.24840032984885918
1741732871.054946,0.9694359560740318,0.8589794994680322,0.24534450787160175
1741732871.105148,0.9702050204507146,0.857360199571402,0.24228540764694134
1741732871.1553698,0.9709647240257662,0.8557317370909181,0.23922271037351037
1741732871.2055707,0.971714453292804,0.8540954281435802,0.23615889082818017
1741732871.2558124,0.9724551123043278,0.852449281770021,0.23309022931674456
1741732871.3061209,0.9731870436826464,0.85079244013055,0.2300151700483834
1741732871.356361,0.973908277334881,0.8491293643487892,0.2269419920974324
1741732871.4065754,0.9746194461046176,0.8474586816617384,0.22386812124027547
1741732871.4568532,0.9753217915181949,0.8457774402710241,0.22078814147732806
1741732871.5070376,0.9760131287082586,0.8440908984759927,0.2177116740341111
1741732871.5572534,0.9766951807641432,0.8423949123411131,0.2146311354115267
1741732871.607487,0.9773677494797823,0.8406899269771108,0.21154735329725874
1741732871.657728,0.9780306778942169,0.8389763152382652,0.20846101194783914
1741732871.707937,0.9786834471142852,0.8372554431194015,0.2053745620648162
1741732871.7581635,0.9793266962452521,0.8355256407150541,0.20228500293999363
1741732871.8083737,0.9799599932488302,0.8337880683791413,0.19919440759988977
1741732871.8585763,0.9805834404319252,0.8320424702533229,0.19610231189926758
1741732871.908758,0.9811968750934984,0.8302893326564985,0.19300956629794264
1741732871.9590583,0.98180197308546,0.8285237605374404,0.18990757229624258
1741732872.0092857,0.9823964097652841,0.8267524862543368,0.18680817552884935
1741732872.0595021,0.9829809334945818,0.8249733736552445,0.18370760665913446
1741732872.109681,0.983555246240059,0.8231873850351703,0.1806075246110278
1741732872.1598902,0.9841201206715664,0.8213921257681394,0.17750377020218328
1741732872.2100954,0.984675156592473,0.8195888368391244,0.17439849864699286
1741732872.2603052,0.9852204427275205,0.8177772294183384,0.17129121275371686
1741732872.3105266,0.9857560486996877,0.8159570522913199,0.16818148762848179
1741732872.3608809,0.9862832141967174,0.8141239134807807,0.1650618723897599
1741732872.4114618,0.9868028163340105,0.8122743077014496,0.161926532700227
1741732872.461732,0.9873093468501315,0.8104279511578633,0.15880885974489697
1741732872.5119364,0.9878053872000271,0.8085759293120499,0.15569366500844742
1741732872.562159,0.9882917734625619,0.8067151836977974,0.15257578708765895
1741732872.6123803,0.988768302988656,0.8048464669331805,0.1494564929942896
1741732872.6630704,0.989239300015296,0.8029521685185823,0.14630655348419225
1741732872.713287,0.9896960018469301,0.8010675374824497,0.1431845809065315
1741732872.7634685,0.9901425420791088,0.7991762572310115,0.1400633665177753
1741732872.8137054,0.990579716419392,0.797274927338846,0.13693730568266066
1741732872.863916,0.9910067979190583,0.7953666654827355,0.1338115344106559
1741732872.9141521,0.9914242283418292,0.7934494989038939,0.13068282103583476
1741732872.9643943,0.991831828627344,0.7915241994453607,0.12755243616944192
1741732873.0145764,0.9922290739382489,0.7895933346266025,0.12442453566965
1741732873.0647874,0.9926166754452634,0.7876534999479591,0.12129359367619069
1741732873.1149957,0.9929943780378684,0.78570592712476,0.11816160720809135
1741732873.165195,0.9933621332175855,0.7837508866377374,0.1150290072813465
1741732873.2153747,0.9937198692824273,0.781788810968047,0.11189647721865428
1741732873.2656016,0.994068049570041,0.7798171074391287,0.10875988708404583
1741732873.3157582,0.9944058620531527,0.7778404187350432,0.10562661465150164
1741732873.3661165,0.9947350966673589,0.775848013737988,0.1024796938932217
1741732873.4163442,0.9950535583649658,0.7738530321924848,0.09933990226164673
1741732873.4665487,0.9953619691363853,0.7718512717686048,0.09620057477443787
1741732873.5167594,0.9956605116185174,0.7698415837716054,0.093059904295025
1741732873.5669699,0.9959491430127482,0.7678242431351187,0.08991832243689023
1741732873.6172266,0.9962281140225342,0.76579739184632,0.08677295086966319
1741732873.6674664,0.996497062979227,0.7637635875723722,0.0836277683495515
1741732873.7176716,0.9967559072383257,0.7617235823290555,0.08048392103196304
1741732873.767903,0.9970049609223838,0.7596749217258232,0.07733762376197455
1741732873.8181229,0.9972440279498697,0.7576191801351938,0.0741912991200672
1741732873.8683302,0.9974731108557641,0.7555564028988143,0.07104500869403196
1741732873.9185548,0.9976923411437119,0.7534853914708086,0.06789692598040432
1741732873.969326,0.9979038592538239,0.7513842124134994,0.06471389197428867
1741732874.0195203,0.9981029899283127,0.7492994061808564,0.061566400074147994
1741732874.069743,0.9982922984417842,0.7472059488617655,0.058416495851179334
1741732874.1199799,0.9984717156370293,0.7451044547668556,0.0552651172290078
1741732874.1701982,0.9986411233334925,0.7429963248044394,0.05211436357170883
1741732874.2203884,0.998800502516125,0.7408819785718131,0.048964847294513746
1741732874.270607,0.9989500300121388,0.7387590692682168,0.045813072692773356
1741732874.3208272,0.9990896170056457,0.7366287242276618,0.04266072287341168
1741732874.3712115,0.9992196630183408,0.7344840571562847,0.039497659624631275
1741732874.4217026,0.9993399385877249,0.7323274630462746,0.03632749943933954
1741732874.4719183,0.9994495831393188,0.7301753090056762,0.03317424947801608
1741732874.52216,0.9995493264747993,0.7280147827740971,0.030019060666708994
1741732874.5723727,0.9996390606984147,0.7258482419863439,0.02686537510026405
1741732874.622605,0.9997188737019845,0.7236736329802265,0.02371020056996126
1741732874.6728623,0.9997887604750766,0.7214907214028387,0.020553210661176904
1741732874.7233539,0.9998489336279036,0.71929039817768,0.017381310584263277
1741732874.7735908,0.999898816411748,0.717093979614365,0.014225222901876305
1741732874.8238566,0.9999387567821879,0.7148891556199418,0.011067190558157521
1741732874.874069,0.9999686965951345,0.7126795422538741,0.007912385577495198
1741732874.9242766,0.99998868154002,0.7104630553116822,0.004757814760236363
1741732874.9745398,0.9999987204651626,0.7082370364036553,0.0015997097273061144
1741732875.025405,0.9999987259981368,0.705977158855109,0.00159624526189813
1741732875.0756316,0.9999887089154393,0.7037385808188168,0.004752055576688182
1741732875.125878,0.999968722807126,0.7014921020259616,0.007909070223017506
1741732875.1761687,0.9999387391950727,0.6992366499638403,0.011068777484762529
1741732875.2263951,0.999898828782812,0.6969771013663496,0.01422435132228581
1741732875.2766087,0.9998489743825625,0.6947112009105952,0.017378964056008746
1741732875.326808,0.9997891857765662,0.6924390303034694,0.020532509917178924
1741732875.3775291,0.9997186734682784,0.6901362365435393,0.023718639753934807
1741732875.428176,0.999638133496332,0.6878298298239834,0.0268998514236489
1741732875.4784164,0.999548238101791,0.6855350416674072,0.030055276541681043
1741732875.528615,0.9994484705040849,0.6832353590839422,0.03320775122153316
1741732875.5789895,0.9993383577207159,0.6809207713451153,0.0363709597885921
1741732875.629259,0.9992184939127756,0.6786041998220735,0.03952722282574684
1741732875.6794763,0.9990888027304028,0.6762832951535419,0.04267978648169253
1741732875.7296782,0.9989492088503036,0.6739563623093289,0.0458309725678051
1741732875.7799137,0.9987995723190082,0.6716211562573499,0.04898381608541665
1741732875.8302443,0.9986396733834902,0.6692748191951029,0.05214213882453295
1741732875.880452,0.9984702151252635,0.6669275515793766,0.05529221824242485
1741732875.930718,0.9982906061387967,0.6645709078015185,0.058445406827785505
1741732875.9809113,0.9981013202071426,0.6622110517342207,0.061593461331363265
1741732876.0311682,0.9979018485320988,0.6598416085273631,0.06474488835439889
1741732876.0813375,0.9976927998082815,0.6574697289007113,0.06789018394669594
1741732876.1315634,0.9974735854948931,0.6550886367264179,0.07103834245930174
1741732876.181733,0.9972446993715169,0.6527036961249535,0.07418227165992508
1741732876.2319734,0.9970055605698904,0.650308896473239,0.07732989098492977
1741732876.2821734,0.9967566907724312,0.6479095462741813,0.08047421475997099
1741732876.3323748,0.9964978970575198,0.6455036819269141,0.0836178270143889
1741732876.3825784,0.9962291772782792,0.6430912925874429,0.08676074093703058
1741732876.432812,0.9959503747628314,0.6406710513642618,0.08990467636397081
1741732876.48301,0.9956618585045545,0.6382461484481035,0.09304549067761304
1741732876.5332417,0.9953632339186208,0.6358132630961293,0.09618748553266188
1741732876.583513,0.995054448511273,0.6333721300309123,0.09933098359429367
1741732876.6337254,0.9947361126726939,0.6309275334144988,0.10246982942587846
1741732876.6839693,0.994407667811114,0.6284751267870358,0.10560961125808477
1741732876.7342358,0.9940691586310606,0.6260153528023663,0.10874974778837522
1741732876.7844815,0.9937208786174507,0.6235503477908819,0.11188751127427017
1741732876.8350418,0.9933604213789272,0.6210636417931257,0.11504378736432211
1741732876.88529,0.9929922568199845,0.6185860759896379,0.11817942994746233
1741732876.9355245,0.9926142973528346,0.6161030132608799,0.12131305144875569
1741732876.9857504,0.9922265176401937,0.6136142479884016,0.12444491731931773
1741732877.035977,0.9918288506833223,0.6111193363735266,0.12757558818651235
1741732877.0861993,0.99142134092357,0.608618551298442,0.1307047225780017
1741732877.1364179,0.9910039889538533,0.6061118836571534,0.13383233396452254
1741732877.18667,0.9905764826530313,0.6035975063296695,0.13696069416279258
1741732877.2368975,0.9901393200829097,0.601078361928786,0.14008613975171458
1741732877.2870913,0.9896925970907536,0.5985549142003784,0.1432081107428502
1741732877.3373277,0.9892356378668477,0.596023359363161,0.1463313106855392
1741732877.3875804,0.9887686712625686,0.5934850506999876,0.14945405460020267
1741732877.437818,0.9882919902758086,0.5909415825577906,0.15257438073768914
1741732877.488002,0.9878059866002091,0.5883949494811205,0.15568986007969998
1741732877.5382335,0.9873096908412419,0.585840063159098,0.1588067191899259
1741732877.5884557,0.9868036520590006,0.5832798011577426,0.16192143763558992
1741732877.6386535,0.9862880404308552,0.580714980628771,0.16503302996702665
1741732877.6888683,0.9857624394523344,0.5781435199825262,0.16814402349207525
1741732877.7391312,0.9852265076301742,0.5755638305258683,0.1712563234688457
1741732877.7893846,0.9846808534499666,0.572978889108151,0.17436632848222142
1741732877.8396173,0.9841256122074105,0.5703892999967931,0.17747331926472593
1741732877.889823,0.9835608741691398,0.5677954271929916,0.18057687130756617
1741732877.940116,0.9829853415117744,0.5651913805134422,0.1836840167644369
1741732877.9903228,0.982401003516905,0.5625861620021817,0.18678401410422196
1741732878.040593,0.9818061337480857,0.5599720486319012,0.189886058900388
1741732878.0910597,0.981199084893756,0.5573420921765139,0.19299833011689735
1741732878.1415243,0.9805821966375268,0.5547066433771259,0.1961085292789747
1741732878.1917412,0.9799585517432677,0.5520786012563349,0.19920149717787183
1741732878.2419531,0.9793252142881383,0.549445324439052,0.20229217549476525
1741732878.2921858,0.9786818598916287,0.5468054808678757,0.20538212366277983
1741732878.3424313,0.9780285884267773,0.5441595150958157,0.20847081286206157
1741732878.392693,0.9773653548140501,0.5415072739546224,0.21155841462569153
1741732878.442915,0.976692907913902,0.5388517285833685,0.2146414759889702
1741732878.4930813,0.9760114980492254,0.5361937734537787,0.21771898230075093
1741732878.5433073,0.9753195653346848,0.5335273276576329,0.22079797337853813
1741732878.593502,0.9746183564679507,0.5308572227753903,0.22387286303341794
1741732878.6437128,0.9739072234634062,0.5281809772401814,0.22694651274528158
1741732878.6939433,0.9731861160699186,0.525498435121016,0.2300190927827167
1741732878.7441502,0.9724556588745937,0.5228119161911923,0.23308794707798297
1741732878.7949703,0.9717064235571558,0.5200872821800513,0.23619192611597073
1741732878.8453424,0.9709540160016699,0.5173814335835808,0.23926616632794068
1741732878.8955765,0.9701939839658855,0.5146778379993929,0.2423295958192219
1741732878.9457886,0.9694246266794542,0.5119703054803763,0.24538926772658526
1741732878.9960058,0.9686455424772619,0.5092574077563243,0.24844680026400567
1741732879.0462136,0.9678569611052136,0.5065399412047942,0.2515012969294506
1741732879.0964286,0.9670586302167092,0.5038170346387197,0.25455373742087917
1741732879.146823,0.9662477743261371,0.5010793766533113,0.25761451456756806
1741732879.1970212,0.965430439366306,0.49834736603183744,0.26066082606648194
1741732879.2472253,0.9646034059478626,0.4956100872098476,0.2637048894674953
1741732879.2975564,0.9637646438904587,0.4928609273585374,0.26675402654240576
1741732879.3477771,0.9629181169109695,0.49011289128437996,0.2697938094344674
1741732879.3982506,0.9620576683221614,0.4873461046655154,0.2728461879918598
1741732879.4485362,0.9611907999256531,0.48458474013947406,0.27588447874449384
1741732879.4987237,0.9603160527828134,0.4818239308832263,0.27891410548084655
1741732879.5489328,0.9594313783161553,0.47905715325693005,0.28194224544333796
1741732879.5991242,0.9585374695484205,0.47628657750057024,0.28496652247190035
1741732879.649318,0.9576339849010155,0.4735111336720683,0.28798810811453346
1741732879.6995387,0.9567204853651546,0.4707294945708065,0.2910084403075586
1741732879.749828,0.9557961892768728,0.467939349446005,0.2940300052820916
1741732879.8002238,0.9548603673143053,0.4651386227414905,0.29705500899594833
1741732879.8506126,0.9539150967318157,0.4623336023289795,0.3000766363100628
1741732879.9008443,0.9529632632158962,0.4595327354069678,0.30308582676829077
1741732879.9510574,0.9520022927959412,0.45672832496216237,0.306090891620578
1741732880.0012517,0.9510322101214034,0.4539204172267781,0.30909179013415194
1741732880.0514164,0.9500532447104608,0.45110964364776945,0.3120878588263466
1741732880.1016338,0.9490638030940464,0.4482914446753172,0.31508395240526643
1741732880.1518857,0.9480642210044603,0.4454668349224027,0.3180789717237777
1741732880.2020702,0.9470565461141206,0.4426415789443117,0.32106681214205846
1741732880.2522614,0.946039324644132,0.4398115606287207,0.32405184094306694
1741732880.3025398,0.9450108964658542,0.43697222254484164,0.3270388431785727
1741732880.352963,0.9439700373755284,0.4341203350548253,0.3300311620424513
1741732880.4031906,0.9429237922542677,0.4312751681402971,0.33300859054653903
1741732880.4534135,0.9418682610232367,0.4284259886017062,0.3359824076483256
1741732880.5036302,0.9408034822387987,0.4255728935059087,0.3389525146309103
1741732880.5538344,0.9397295973278956,0.4227162504311726,0.34191853308706466
1741732880.6040902,0.9386452515861533,0.41985247990008273,0.3448841704579063
1741732880.65434,0.9375516763731019,0.4169848616960629,0.34784601978877966
1741732880.7045374,0.9364499104641193,0.4141160843085706,0.35080131775682055
1741732880.7547362,0.9353387974285328,0.4112431059324471,0.35375320969345303
1741732880.804936,0.9342183581587403,0.40836598200374813,0.35670163809265365
1741732880.8552125,0.9330868936944471,0.40548039575422684,0.35965100882631057
1741732880.9054294,0.9319474687283027,0.4025941732697284,0.3625933188303623
1741732880.9556272,0.9307992069744868,0.39970504915195537,0.36553089557597557
1741732881.0058699,0.9296406535306513,0.39680937740022254,0.36846744038440554
1741732881.0563393,0.9284675392986854,0.39389664374363775,0.3714135535819959
1741732881.106576,0.9272905608520382,0.3909934035387578,0.3743423767969012
1741732881.1569555,0.9261009592317284,0.3880780003213702,0.37727577793545997
1741732881.207204,0.9249052054109208,0.3851662994027117,0.3801977910325744
1741732881.2574356,0.923700643184732,0.3822517505582439,0.383115023299715
1741732881.3076758,0.9224866669443287,0.3793328838865102,0.3860289478826182
1741732881.3579445,0.9212628087228695,0.3764085944557786,0.38894065942387984
1741732881.408135,0.9200316811013046,0.37348509773736177,0.3918439805006455
1741732881.458363,0.9187904685500011,0.37055568611407363,0.3947455815864536
1741732881.508602,0.9175398442244217,0.36762197405490027,0.39764385263283675
1741732881.5588524,0.9162797731056347,0.36468389137527146,0.4005388578768342
1741732881.6090457,0.9150120285517322,0.3617455489825421,0.40342655697561713
1741732881.6594055,0.9137309269446284,0.3587938306713772,0.40631981542652695
1741732881.7096505,0.9124436281699266,0.3558452601553092,0.40920242505544435
1741732881.7598734,0.9111478126607677,0.35289445367253364,0.4120796800844525
1741732881.8100402,0.9098443772487541,0.34994341352141206,0.41494964566766124
1741732881.8603237,0.90852885121197,0.34698204853012116,0.41782212215517484
1741732881.9105763,0.9072050588872353,0.3440190109875512,0.42068869769954725
1741732881.9607797,0.9058735410958584,0.34105547130325936,0.4235482579130209
1741732882.0110095,0.9045323045556738,0.3380869814780436,0.42640509993421327
1741732882.0611985,0.9031831522440239,0.3351175249096214,0.42925539336540264
1741732882.1113825,0.9018251535467738,0.33214503096280723,0.43210113591280974
1741732882.1616056,0.9004571256218928,0.3291669270922667,0.434944782862898
1741732882.2118595,0.8990792830439247,0.3261837142333821,0.4377858403606013
1741732882.2620633,0.8976938619701827,0.3232002247062414,0.44061971063064104
1741732882.3123183,0.8962980813392126,0.32021047009256826,0.4434520815138889
1741732882.3625693,0.8948934705442092,0.31721774891623405,0.4462798175863547
1741732882.4127939,0.8934806947483797,0.31422346393294304,0.4491016002151081
1741732882.4629898,0.89205982941353,0.3112277491215561,0.451917315387233
1741732882.513186,0.890630083885249,0.3082289243177877,0.4547285485594329
1741732882.5634122,0.8891906200324372,0.30522524554835523,0.45753692795127254
1741732882.6135955,0.8877435354118265,0.30222108380940754,0.4603383695974608
1741732882.6637902,0.8862872934699398,0.2992132348622728,0.4631358684222985
1741732882.7140293,0.8848209376252613,0.29619974827485834,0.465931226171783
1741732882.764216,0.8833473157806404,0.2931864729743892,0.46871901911657204
1741732882.8144343,0.8818639620014719,0.29016835731208335,0.4715039254322671
1741732882.8646634,0.8803715173828979,0.2871467246821963,0.47428471465190924
1741732882.914907,0.8788698633624127,0.28412134622179097,0.47706159187406183
1741732882.9651017,0.8773609234266663,0.28109608207621173,0.4798310215154856
1741732883.0152977,0.8758432207412538,0.2780679504016245,0.48259574370575914
1741732883.0655296,0.8743157066253653,0.2750348751292064,0.48535764576875357
1741732883.115727,0.8727805450243586,0.2720011536682483,0.4881128141953347
1741732883.1659994,0.8712343899171231,0.26896019117644565,0.49086722947980543
1741732883.216267,0.8696796819103689,0.2659168180899962,0.49361650096050413
1741732883.2664566,0.8681187465000071,0.26287555113877753,0.49635656651270094
1741732883.3166347,0.8665495276423095,0.2598323463273539,0.49909108916585043
1741732883.3668332,0.8649710521448133,0.2567853202373118,0.5018217592833494
1741732883.417102,0.8633817463527413,0.25373147321156025,0.5045512453661554
1741732883.4675055,0.861779533934306,0.2506669013355809,0.5072829920513313
1741732883.5177324,0.8601743400271946,0.24761057106961312,0.5100001018513027
1741732883.5679522,0.8585608009173741,0.24455219377992682,0.5127117613773742
1741732883.61818,0.8569384600050323,0.24149090439608895,0.5154187374240712
1741732883.668544,0.8553031448592884,0.23841888875937559,0.5181279084497437
1741732883.7187686,0.8536638360209089,0.23535301588125052,0.5208243986103948
1741732883.7689996,0.8520158076350166,0.2322843934450703,0.5235160576859278
1741732883.8193347,0.8503558500677755,0.2292070897659388,0.5262080647117245
1741732883.869583,0.8486902793025793,0.22613282054503323,0.5288901671677021
1741732883.9198496,0.8470156232059357,0.22305514974429347,0.5315679948526691
1741732883.9700959,0.8453332105193753,0.21997651856229056,0.5342394241320328
1741732884.0203192,0.8436431484062709,0.21689710586807495,0.5369043092101293
1741732884.0705674,0.8419438411456889,0.21381400489048155,0.5395651651612244
1741732884.1208,0.8402366667388913,0.2107297194833455,0.5422198290025324
1741732884.17097,0.8385232737362052,0.20764719759348318,0.5448657802580159
1741732884.2211456,0.836801344555518,0.20456224770907386,0.5475066290384194
1741732884.2713907,0.8350687045514485,0.20147100274066182,0.550145669588711
1741732884.3216383,0.833327651163748,0.1983775891409943,0.552779363663209
1741732884.3718479,0.8315796239584885,0.1952845510876096,0.5554055528176094
1741732884.4220908,0.8298221480326816,0.1921875075751241,0.5580279578261474
1741732884.4723365,0.8280563020725742,0.18908837318575492,0.5606449497469354
1741732884.522579,0.8262823204967564,0.18598755915564116,0.5632561814228385
1741732884.5727987,0.824500914041149,0.18288629804354756,0.5658606204884575
1741732884.6230407,0.8227105021853356,0.1797818381353397,0.5684605779348215
1741732884.6732469,0.8209131766430877,0.17667780131686264,0.5710530233556228
1741732884.723448,0.819107861574586,0.17357231452522082,0.5736395298219897
1741732884.7736566,0.8172941308790147,0.17046464565670535,0.5762207065840999
1741732884.8238769,0.8154718351596875,0.16735454575797395,0.5787967563184595
1741732884.8740678,0.8136425028344482,0.1642446168945621,0.5813655275665452
1741732884.9242702,0.8118046524403093,0.16113233399570306,0.5839291098546909
1741732884.9744844,0.8099582791691149,0.158017697475545,0.5864874977890465
1741732885.0250645,0.8080903170576175,0.15487880240844967,0.5890586036492645
1741732885.0752697,0.806228122209334,0.1517616142573723,0.5916047785577941
1741732885.125555,0.8043549122885705,0.14863793531787806,0.5941491177549535
1741732885.175781,0.8024758956613656,0.14551645822738643,0.596684536361058
1741732885.2259605,0.8005906461423196,0.1423964375465367,0.5992116624011606
1741732885.276173,0.798696183012278,0.13927293553878461,0.6017344981700911
1741732885.3263967,0.7967933467169506,0.13614735341802753,0.604251902497863
1741732885.3769093,0.7948715632147926,0.1330024271808556,0.6067777163306823
1741732885.4271362,0.7929527133366746,0.12987396505479248,0.6092831800184375
1741732885.477339,0.7910268869207773,0.1267457023504717,0.6117813851435865
1741732885.5275338,0.7890935011320155,0.12361668130076457,0.6142731033583065
1741732885.5777495,0.7871514485659059,0.12048511413837176,0.6167597555428744
1741732885.627979,0.7852010339393917,0.11735150404839441,0.6192409348030391
1741732885.6782124,0.7832426409288926,0.11421647343230011,0.6217161446066242
1741732885.7284229,0.7812773474855544,0.11108174146298357,0.6241840316271523
1741732885.7786326,0.7793043061233895,0.10794594835662094,0.626645671403361
1741732885.8288531,0.7773230774666745,0.10480839923324069,0.6291016072682064
1741732885.8790464,0.7753352007483172,0.10167152612199773,0.6315499390459822
1741732885.929457,0.7733309493897114,0.09852004390815915,0.6340025565746348
1741732885.9796944,0.7713258628471482,0.09537840156831177,0.6364404232361887
1741732886.0298939,0.7693146143357631,0.09223818294167824,0.6388701144944907
1741732886.080101,0.7672954064897822,0.08909657174085779,0.6412938158156035
1741732886.1303017,0.765268821866875,0.08595447473532976,0.6437108273915012
1741732886.1805396,0.763233112000217,0.082809191122633,0.6461232202668288
1741732886.230747,0.7611910441002274,0.07966499855996552,0.6485277121311815
1741732886.2809503,0.7591415660066921,0.07652026577832786,0.650925557787088
1741732886.3311749,0.7570836582692196,0.07337343412864755,0.6533179420468139
1741732886.3815627,0.7550114888096814,0.07021564509900662,0.6557115606599271
1741732886.4319916,0.7529300551307767,0.06705458017854328,0.6581005478630096
1741732886.4822962,0.7508462194812164,0.06390063430768561,0.6604770652390387
1741732886.5325334,0.7487576878385571,0.06075027417027114,0.6628438156292077
1741732886.5827622,0.7466620528128792,0.05759984430039595,0.6652035612530548
1741732886.6329474,0.7445608013351622,0.05445156359823253,0.6675546510428421
1741732886.6831923,0.742449641221927,0.05129900622411673,0.6699018803246933
1741732886.7333944,0.7403328845895255,0.04814861667767846,0.6722404473161807
1741732886.783641,0.7382068722127992,0.04499494949307693,0.674574393843792
1741732886.8338609,0.7360746518283227,0.041842531077956435,0.6769003663370214
1741732886.8840656,0.7339357302195444,0.03869061923743161,0.6792189212013905
1741732886.9342623,0.7317898710509497,0.03553885850178211,0.681530324811484
1741732886.9844584,0.7296367427402151,0.03238675914385325,0.6838349381637625
1741732887.0346692,0.7274757226846544,0.029233414151087163,0.6861334213650009
1741732887.0848951,0.7253068157641391,0.02607883974333733,0.6884257563567338
1741732887.1351209,0.7231306855442815,0.022924005617545595,0.6907112353460068
1741732887.1853456,0.7209474053288328,0.019769017683814796,0.6929897818570672
1741732887.2355952,0.7187558577460885,0.016612268474586724,0.6952625518206331
1741732887.2861938,0.7165418452278944,0.013433421141378877,0.6975441083155018
1741732887.3364544,0.7143354606930158,0.010275685968172354,0.6998034356907751
1741732887.3867526,0.7121202784765132,0.007115464193290826,0.7020574819703442
1741732887.4369767,0.7099012791839472,0.0039598502788569,0.7043011946752135
1741732887.4872026,0.7076751157951091,0.0008040628210165145,0.7065379887113549
1741732887.5374186,0.7054423587764531,0.002351091896366565,0.7087672942876465
1741732887.587642,0.7032022506422639,0.005506685137606545,0.7109898689148961
1741732887.6378584,0.7009554376470253,0.0086618063268426,0.7132050710988548
1741732887.6880834,0.6987012733204486,0.011817362789515978,0.715413537521179
1741732887.7383628,0.6964376914588873,0.014976228450822426,0.7176172663222138
1741732887.7886,0.6941690682301258,0.018132292675458617,0.719811991926418
1741732887.8388472,0.6918930768047498,0.021288801946444485,0.7219999787246966
1741732887.8891375,0.6896082249992826,0.024447810223759844,0.7241826392716351
1741732887.9393592,0.6873196265940851,0.0276022547105785,0.7263550990445278
1741732887.9895792,0.6850242495006241,0.030756334989787144,0.7285202650619199
1741732888.039802,0.6827219320588087,0.03391027285590336,0.7306782893285357
1741732888.0901713,0.6804060676622806,0.03707307564111739,0.7328353035293711
1741732888.140375,0.6780910438624916,0.04022509962539574,0.7349779148005696
1741732888.1905835,0.6757690423159044,0.04337703599503091,0.737113424419258
1741732888.2408218,0.6734389274917731,0.046530416185163785,0.7392428626310387
1741732888.2910273,0.6711036381202451,0.049681264045372674,0.7413635450402015
1741732888.3412411,0.6687612829299583,0.05283213834603488,0.7434771990231583
1741732888.391474,0.6664113708669172,0.055983691848235255,0.7455842566694937
1741732888.4418836,0.6640465198086031,0.05914576958749331,0.7476912588394559
1741732888.4923675,0.6616715099708891,0.06231190897822566,0.74979384627273
1741732888.5426373,0.6592999598632491,0.06546399453570596,0.7518800183145765
1741732888.592855,0.6569242927702639,0.06861217133702595,0.7539565455552036
1741732888.6430442,0.6545434486406612,0.0717578666597725,0.7560243864186615
1741732888.6932375,0.6521558921450824,0.07490311586211748,0.7580848840067254
1741732888.7434497,0.6497609431018446,0.07804880852887365,0.7601386162006208
1741732888.793666,0.6473593448811092,0.08119396196065583,0.7621849366237096
1741732888.8438375,0.6449534430401795,0.08433551566064254,0.7642218626371773
1741732888.8940346,0.6425398988704052,0.08747783443836,0.7662522283052099
1741732888.9442773,0.6401177649285111,0.09062213227451434,0.7682768030125136
1741732888.9944506,0.6376926149335521,0.09376118019782945,0.7702909371689103
1741732889.0448365,0.6352507931366185,0.09691261457870351,0.7723059166197286
1741732889.095041,0.6328114426455874,0.10005172063096653,0.7743059324870107
1741732889.1452491,0.6303656218517225,0.10319005344336386,0.7762983845252581
1741732889.195425,0.6279151049539234,0.1063253442482613,0.7782818384114081
1741732889.2456417,0.6254563357023276,0.10946214068310589,0.7802591692261605
1741732889.2958782,0.6229903839911131,0.11259906150503936,0.7822294934913081
1741732889.3460793,0.6205199548006941,0.1157326699394109,0.7841906558539367
1741732889.396318,0.6180415010604856,0.11886746462035194,0.7861454712728706
1741732889.4465382,0.6155577933808858,0.12199993608310918,0.7880917472258504
1741732889.4969246,0.6130597160289344,0.12514154163961366,0.7900365710658602
1741732889.547127,0.6105646519317935,0.12827042516548098,0.7919664164924929
1741732889.597358,0.6080620933471331,0.13139980508115542,0.7938894694329102
1741732889.6477804,0.6055438962557922,0.13453980681364025,0.7958119053841658
1741732889.6981893,0.6030202988355744,0.1376776168820786,0.7977258415256281
1741732889.748406,0.6005003154789499,0.14080208137119013,0.7996245182314791
1741732889.798839,0.5979634494900508,0.1439386072367868,0.8015233696673947
1741732889.849249,0.5954217523914989,0.14707224333410404,0.8034133032442651
1741732889.8994937,0.5928824338304833,0.15019415043739737,0.8052890280563301
1741732889.9499052,0.5903287509013136,0.15332491229379386,0.8071629110122978
1741732890.0001209,0.5877791031321499,0.15644197908583501,0.8090214613825972
1741732890.050345,0.5852231811702627,0.15955800337052536,0.8108722632322426
1741732890.1009243,0.5826432778056477,0.16269447802019874,0.8127280048628308
1741732890.151429,0.5800613134331815,0.16582468062942626,0.8145728154809978
1741732890.2016218,0.577489517539981,0.16893388535659842,0.8163980990889019
1741732890.2518358,0.5749108685497321,0.1720427456891711,0.8182160425523497
1741732890.3020997,0.5723239428517686,0.175152959647846,0.8200276236245849
1741732890.3525262,0.5697229078406957,0.17827148508905757,0.821836849595166
1741732890.40282,0.5671230142394463,0.18138002934163983,0.8236331014433237
1741732890.4530327,0.564521676167395,0.1844817389704665,0.8254182432031594
1741732890.5032377,0.5619151011322616,0.18758115858889368,0.8271949094362486
1741732890.553461,0.5593019958140455,0.19067982333897132,0.8289639778413019
1741732890.6036932,0.5566828506168249,0.19377714482548575,0.8307251067059053
1741732890.6538892,0.5540600579718414,0.19687030074276476,0.8324766971183332
1741732890.7041028,0.551430834147393,0.1999625787851549,0.8342206148488267
1741732890.754281,0.5487979773932046,0.20305069236635273,0.8359550102121772
1741732890.8045096,0.546157006794685,0.2061398933911066,0.8376828296087322
1741732890.8547077,0.5435122099655544,0.2092251615396865,0.8394012608479473
1741732890.9049058,0.5408620063007745,0.21230834832552722,0.8411113417602002
1741732890.95512,0.5382055681594412,0.21539041257262798,0.8428136006864934
1741732891.0053904,0.5355407900870451,0.21847377901204654,0.8445093612598719
1741732891.0556061,0.5328735818619552,0.2215516091915057,0.8461948622267277
1741732891.1057777,0.5302034188999855,0.22462453305636715,0.8478704698801507
1741732891.1561143,0.5275191763177658,0.22770532350009365,0.8495431229359766
1741732891.2063003,0.5248377113018264,0.23077462940917687,0.8512023119735043
1741732891.256566,0.5221467576762917,0.23384650866098763,0.8528556516577387
1741732891.307205,0.5194305537975947,0.23693884196708903,0.8545126674899692
1741732891.3576508,0.5167194762878321,0.24001700166613085,0.8561547651838658
1741732891.4081643,0.5139995647076742,0.24309686948887282,0.8577904444591847
1741732891.4584143,0.5112887031716752,0.24615824276054815,0.8594090185337612
1741732891.50865,0.5085735274684725,0.24921628190015913,0.861018563266447
1741732891.5589068,0.5058521280787523,0.2522731358726136,0.8626202082332531
1741732891.6091704,0.5031253241172914,0.2553278777618499,0.864213461691688
1741732891.6595814,0.5003854773354783,0.25838902681529413,0.8658027334284213
1741732891.7098107,0.4976505238706399,0.26143655189529735,0.8673776312741766
1741732891.7599967,0.4949129702542532,0.2644788575560313,0.8689425475949553
1741732891.8102477,0.49216694145802253,0.26752246756505943,0.8705008333630512
1741732891.8604505,0.4894186441789492,0.2705604985483101,0.8720489607144739
1741732891.9106834,0.48666382404346964,0.2735976577390821,0.8735893323088492
1741732891.960893,0.4839054468617787,0.2766306737642295,0.8751202875360893
1741732892.011115,0.48114156128762386,0.27966169488033443,0.8766429131435437
1741732892.0613184,0.4783739185279782,0.282688802102619,0.8781562464838794
1741732892.1115913,0.4755976621890901,0.2857172948844639,0.8796629257222089
1741732892.1617997,0.47282024506149206,0.28873904212114737,0.8811589045304593
1741732892.2120209,0.470037399042511,0.2917586997336631,0.8826464992725899
1741732892.262225,0.46725083451897004,0.29477441280427275,0.8841247970855938
1741732892.3124354,0.4644592644041365,0.29778757685766905,0.885594484452691
1741732892.3627238,0.4616587228198928,0.30080245251197546,0.8870576209197153
1741732892.4129844,0.4588551344292706,0.3038126497911948,0.8885110943589546
1741732892.4632196,0.4560483757223267,0.30681831390085107,0.8899549866120873
1741732892.5135007,0.4532345099615377,0.30982365567855785,0.8913913159652693
1741732892.5636952,0.4504209764868619,0.31282073919125375,0.8928162986542609
1741732892.6138883,0.44760305615480855,0.3158146122482612,0.8942323542159959
1741732892.664088,0.4447802969766996,0.31880575383339876,0.8956397080472105
1741732892.7143228,0.44195113454725343,0.32179581181000066,0.8970391261733066
1741732892.7645075,0.4391203939566687,0.32477969018745206,0.8984282268654198
1741732892.814694,0.4362852068776683,0.3277604238483516,0.899808433768417
1741732892.8649197,0.43344343912126054,0.3307402469502233,0.9011807722691874
1741732892.9151213,0.4305987265132891,0.3337153434371693,0.9025434814755524
1741732892.9652963,0.42775125173063755,0.3366855341440915,0.9038964906866831
1741732893.0154982,0.4248979878747192,0.33965397636283645,0.9052412380889565
1741732893.0657997,0.4220348091949521,0.3426249328895102,0.906579626435877
1741732893.1160223,0.41917193342426495,0.3455877965763326,0.9079068726880766
1741732893.1662493,0.41630462626855086,0.3485474843920002,0.9092251961952871
1741732893.216485,0.41343268450841425,0.35150420308389485,0.9105346861230653
1741732893.2666914,0.41055829504535624,0.35445570596413734,0.9118343520764326
1741732893.3169413,0.40767731639557736,0.3574062422838558,0.9131260619201849
1741732893.3671865,0.40479255993390195,0.36035292387988904,0.9144085425496198
1741732893.4173954,0.4019058430732297,0.36329390377085635,0.9156809993515104
1741732893.4676418,0.3990129674931472,0.36623345886795866,0.916945282471289
1741732893.517866,0.39611741470818496,0.36916804804957093,0.9181998655212411
1741732893.5681238,0.39321595808930093,0.37210093883448936,0.9194461428417373
1741732893.618335,0.39031326942674177,0.37502741169597287,0.920682111804276
1741732893.6685228,0.3874080696409622,0.377948772238258,0.9219083397325363
1741732893.7187276,0.3844980271324625,0.3808673665459573,0.9231258128917079
1741732893.769121,0.3815731947890145,0.3837931239997412,0.9243386264344233
1741732893.8193834,0.3786521637315747,0.3867074344615927,0.9255390527719637
1741732893.869593,0.3757304356917901,0.38961482774820755,0.9267289997642045
1741732893.9198148,0.37280423537911944,0.39251906978395024,0.9279100179419353
1741732893.9700348,0.3698744474856706,0.3954192801492748,0.9290817468959965
1741732894.020243,0.3669416699839955,0.3983148700772259,0.9302439519567239
1741732894.0704737,0.36400390833954954,0.4012078063440526,0.9313974200312288
1741732894.1206958,0.3610630350270998,0.4040962418847432,0.9325414114498782
1741732894.1711268,0.3581063091876905,0.40699264514904976,0.9336808184045249
1741732894.2213826,0.35515626793721977,0.4098749311637065,0.9348069451422313
1741732894.2719557,0.3521840391166499,0.41277127686199955,0.9359307677053119
1741732894.3221617,0.3492298689761453,0.41564247478718364,0.9370370846266418
1741732894.3724358,0.34626819759096344,0.41851343425078613,0.9381355630678059
1741732894.4227412,0.3433012376727983,0.42138198800777404,0.9392253507931677
1741732894.472938,0.340337251322666,0.4242401653225179,0.9403034375812694
1741732894.5231512,0.337368925599634,0.42709503872795673,0.9413725125632206
1741732894.5733807,0.3343962587135799,0.429946602631772,0.9424325660401661
1741732894.6237788,0.3314102791808502,0.43280342168131386,0.9434867387689415
1741732894.6740365,0.32842930863950487,0.4356479605027477,0.9445285536240079
1741732894.7242835,0.3254456971923884,0.4384875525826579,0.9455607318244391
1741732894.7748694,0.32243867142156113,0.4413418953057329,0.9465903562609806
1741732894.8251078,0.31944908883904005,0.44417220762086745,0.9476034397569859
1741732894.8753443,0.31645643636704185,0.4469979875929324,0.9486070436625662
1741732894.925593,0.31345990932128814,0.4498199927736215,0.9496014346333269
1741732894.9759822,0.3104518579484172,0.45264539349656124,0.9505891032990111
1741732895.0262172,0.30744991128137905,0.45545763417026625,0.9515642655504575
1741732895.07644,0.3044456396837344,0.4582646485822599,0.9525297118211906
1741732895.1266365,0.3014399135897323,0.4610656319881987,0.9534851744650897
1741732895.176853,0.2984299943236572,0.46386313792462,0.9544315260524581
1741732895.2270734,0.29541684787892447,0.46665626323788645,0.9553684553245828
1741732895.2772672,0.2924023702421642,0.4694432553476319,0.9562953797451601
1741732895.3274693,0.2893844850687343,0.47222603797708784,0.9572129435250437
1741732895.3777196,0.28636082239298405,0.47500678405954555,0.9581218496903279
1741732895.4279394,0.28333614856524597,0.4777811063122988,0.9590206600366121
1741732895.478335,0.2802980545853057,0.4805603547616459,0.9599130169248795
1741732895.5285664,0.2772670432617299,0.4833257708356669,0.9607928945367561
1741732895.578784,0.27423411548563026,0.48608560408311197,0.961662960387132
1741732895.6289866,0.27119936111747434,0.48883977906420434,0.9625231976485191
1741732895.6792676,0.2681571567485148,0.4915933853773417,0.9633751806912848
1741732895.7294989,0.2651152932050131,0.49433936500240216,0.9642167187938637
1741732895.7797015,0.2620725288375947,0.497078855946511,0.9650481796919997
1741732895.8298945,0.2590277326194321,0.4998128848284901,0.965869884217133
1741732895.880134,0.25597753679685314,0.5025444676150561,0.9666827298366463
1741732895.9303503,0.2529262175579535,0.505269769788135,0.9674855699111441
1741732895.980545,0.24987367897575227,0.5079888867713025,0.9682784434629607
1741732896.0307748,0.24681653228813802,0.5107048342435512,0.9690622265441365
1741732896.081,0.2437571873242598,0.5134154646887029,0.9698362919373016
1741732896.1312175,0.24069590658350404,0.516120548203193,0.9706005770091012
1741732896.1814334,0.23763230194905635,0.5188204297489301,0.9713551814925331
1741732896.2316105,0.2345687217546541,0.5215130485241721,0.972099539307547
1741732896.2818372,0.23149976580614284,0.5242031485179052,0.9728349592735862
1741732896.3322158,0.22841921966569384,0.526896133382898,0.9735628688718931
1741732896.3824546,0.22534495041542787,0.5295763813163057,0.9742790426190242
1741732896.4327073,0.22226757864326274,0.5322520968233305,0.9749857040254859
1741732896.4829404,0.21918918313684932,0.5349214736155322,0.9756823774013059
1741732896.533155,0.21610975346945696,0.5375845289688095,0.9763690767515639
1741732896.5833893,0.21302694958351356,0.5402432862825137,0.9770463235375076
1741732896.6336257,0.20994189232838403,0.54289677413318,0.9777138648082561
1741732896.6838317,0.20685662405672345,0.5455432419971037,0.9783712673020863
1741732896.7340448,0.20376885968713937,0.5481846550093141,0.9790190250582316
1741732896.7842398,0.20068017647695718,0.550819666256007,0.9796568105102371
1741732896.834433,0.19758959940606705,0.5534491117693958,0.9802848309660945
1741732896.885083,0.1944689200681042,0.5560968932490246,0.9809086801272834
1741732896.935312,0.19137221733168458,0.5587171190660694,0.9815175362981826
1741732896.9855084,0.1882756280607751,0.5613300780815718,0.9821162291253656
1741732897.0357025,0.18517732703397183,0.5639373180173484,0.982705122196624
1741732897.0859094,0.18207637832023688,0.5665396242326013,0.983284390246561
1741732897.1362424,0.1789658182590802,0.5691428108134132,0.9838552919741242
1741732897.1864624,0.17586045068326317,0.5717344857865816,0.9844151063154088
1741732897.236679,0.17275355227457487,0.5743202851928632,0.9849650805175247
1741732897.2868881,0.16964540397979205,0.5768999775869489,0.985505168214152
1741732897.3371441,0.16653264340406676,0.5794763452255453,0.9860359417156335
1741732897.387336,0.1634222209595303,0.582043639089164,0.9865562210927229
1741732897.4375608,0.1603081140307023,0.5846068368251359,0.9870670231863446
1741732897.4878106,0.1571908654898463,0.587165479217137,0.9875682414388053
1741732897.5380437,0.15407308062482633,0.5897174260724064,0.9880594544483223
1741732897.588267,0.15095437958042326,0.5922629939635357,0.9885407300609318
1741732897.6384718,0.1478353248634326,0.5948017298127618,0.9890119900347081
1741732897.6886904,0.14471392918407092,0.5973352521208914,0.9894735359856729
1741732897.7389314,0.14158972086676874,0.5998639360665856,0.9899254268210108
1741732897.7891023,0.13846844036491313,0.6023831455457165,0.9903668465527347
1741732897.8393986,0.13533798844744338,0.6049026341508624,0.9907994896127745
1741732897.8896172,0.1322110295990384,0.6074121990257397,0.9912215914679894
1741732897.9398115,0.12908426165450976,0.609914511994656,0.9916336284833858
1741732897.990037,0.125954258491216,0.6124123134315107,0.9920360500102814
1741732898.0402405,0.12282437628208767,0.6149029230866186,0.9924284217761273
1741732898.090441,0.11969346427835192,0.6173872619971498,0.9928108955754162
1741732898.1406908,0.11655828314204608,0.6198678907398257,0.9931838532725357
1741732898.190963,0.11342054842900494,0.6223434367530661,0.9935470693281061
1741732898.2411952,0.11028417020951312,0.6248108188667185,0.9939000963797667
1741732898.2917485,0.10712663335031786,0.6272876900104362,0.994245384306958
1741732898.3419783,0.10398824549567061,0.6297424321544834,0.994578526107174
1741732898.3922014,0.10084922215024109,0.6321905900416243,0.9949017208712666
1741732898.442366,0.09771287236051224,0.6346295966943287,0.9952146473912578
1741732898.4925647,0.09457340084740876,0.6370639640158937,0.9955178911829486
1741732898.5428884,0.09142516847485097,0.6394980309547791,0.9958119493100593
1741732898.5931165,0.08828201861382123,0.6419210882954058,0.996095520025557
1741732898.643324,0.08513926632812704,0.6443367722121272,0.9963690607203685
1741732898.6935189,0.08199646871372239,0.6467454301511861,0.9966326198536405
1741732898.7437315,0.07885172654790679,0.6491485165869522,0.9968863551400654
1741732898.7939403,0.07570645210172013,0.6515449493671516,0.997130148456251
1741732898.844164,0.07255950277408606,0.6539355968063271,0.9973640851833323
1741732898.8943725,0.06941276740661738,0.6563190240555064,0.9975880249800311
1741732898.9446123,0.06626337860675174,0.6586973995096203,0.9978021670273263
1741732898.9948356,0.06311435565528552,0.6610684398996051,0.9980063015759154
1741732899.045032,0.05996639988544402,0.6634316263058722,0.9982003960958985
1741732899.0952032,0.0568194394604211,0.6657870236941213,0.9983844706258432
1741732899.145448,0.05366728682480645,0.6681392530601376,0.9985588726852972
1741732899.195676,0.050515641064704596,0.6704840495414884,0.998723269934028
1741732899.246457,0.047328811405105496,0.6728478534507195,0.998879363845893
1741732899.2966897,0.0441759029180618,0.6751794057335644,0.9990237682426811
1741732899.3468888,0.041024668548230524,0.6775026757585183,0.999158133875302
1741732899.3973145,0.03785879075773004,0.6798296530613613,0.9992830989701054
1741732899.4475436,0.03470487854944783,0.682140773198066,0.9993976042276911
1741732899.4977913,0.031549458959123394,0.6844459464102102,0.9995021918819477
1741732899.548037,0.028393844057279367,0.6867442106780307,0.9995968135019914
1741732899.5986204,0.02521674855412722,0.6890509974850351,0.9996820072114627
1741732899.6488442,0.02206196810183787,0.6913345128192975,0.9997566051393254
1741732899.6990821,0.01890608894059333,0.6936117770115053,0.9998212639084367
1741732899.7496214,0.015731099273571632,0.6958957208272937,0.999876258586249
1741732899.7998557,0.012575097461105064,0.6981589387811069,0.9999209303234403
1741732899.8500838,0.00941937268470854,0.7004149142778239,0.9999556367157183
1741732899.9002864,0.006265148486175103,0.7026627793110232,0.9999803737584129
1741732899.9504807,0.0031113834891470463,0.7049032831002313,0.9999951596315904
1741732900.000705,4.430490257824463e-05,0.707138113706982,0.9999999990185817
1741732900.0509624,0.0032020641038921606,0.7093673622619779,0.9999948733827729
1741732900.1015544,0.006380816487745212,0.711604309671812,0.9999796423895889
1741732900.1518967,0.009543814188423908,0.7138230778600183,0.9999544567777437
1741732900.2021325,0.01270002631993749,0.7160300336110619,0.9999193514262388
1741732900.2523267,0.015853489647543607,0.7182280307950721,0.9998743255516903
1741732900.3025308,0.019007435924840447,0.7204193286108065,0.9998193423900493
1741732900.3527524,0.02216228058814739,0.7226042099105638,0.9997543865185566
1741732900.4029648,0.025316323616753417,0.724781495652694,0.9996794905412174
1741732900.4531586,0.02846895283742979,0.7269507690796889,0.9995946772471355
1741732900.503337,0.031620330807248104,0.7291121491750682,0.9994999523473472
1741732900.553517,0.03477149871110031,0.7312663529297501,0.9993952886352504
1741732900.6037378,0.03792488211397311,0.7334150295831645,0.9992805929226471
1741732900.6539443,0.04107697969584707,0.7355557878414818,0.9991559847293627
1741732900.7041423,0.04422814748029034,0.7376888742896611,0.9990214567556258
1741732900.7543478,0.0473793367022939,0.7398149330366753,0.9988769686740978
1741732900.8045537,0.05053008422291322,0.7419336499628925,0.998722539391476
1741732900.8547869,0.05368202519873461,0.744046118836254,0.9985580805726445
1741732900.9053915,0.056856743768801406,0.7461667214456966,0.9983823469997057
1741732900.955611,0.06000674654733569,0.7482637366505083,0.9981979715906328
1741732901.0058758,0.06315897743627782,0.7503551732971959,0.9980034787986828
1741732901.0561445,0.06631083111532432,0.7524392924629905,0.997799014735973
1741732901.106381,0.06946000161526045,0.7545145753095087,0.9975847374098588
1741732901.1565478,0.07260411069334562,0.7565794760862743,0.9973608390417724
1741732901.2067432,0.07574929626978864,0.7586380345324051,0.9971268947654058
1741732901.256974,0.0788959268714637,0.7606904784063158,0.9968828581529271
1741732901.3071477,0.08203822223133514,0.762733041979628,0.9966291839271779
1741732901.357322,0.0851797171119434,0.7647680348300944,0.9963656035618289
1741732901.4075263,0.08832225048879767,0.7667966418051305,0.996091953708671
1741732901.457701,0.0914620650247808,0.7688164372719803,0.9958085613420483
1741732901.5079002,0.0946024836443916,0.7708295599190275,0.9955151280996084
1741732901.5587585,0.09778318791866426,0.7728613021740701,0.9952077413050773
1741732901.6089816,0.10092319221140128,0.7748599276142514,0.9948942202430813
1741732901.6592093,0.1040624582834909,0.7768510059539501,0.994570764189937
1741732901.709409,0.10719895454422625,0.7788332536206068,0.9942375894906117
1741732901.7596402,0.11033635407797897,0.7808089911800766,0.9938943048364701
1741732901.8098466,0.11347110002168873,0.7827759773384425,0.9935412974222871
1741732901.8600395,0.11660387321433029,0.7847346474362666,0.9931785020736212
1741732901.9102814,0.11973854902695373,0.7866874169003566,0.9928054593488063
1741732901.96069,0.12288241294599213,0.7886387785698249,0.9924212375954802
1741732902.0111022,0.12602528068696037,0.7905823750011018,0.9920270303151204
1741732902.061319,0.12915470830665052,0.7925105513871142,0.9916244559188447
1741732902.111566,0.13228472595812907,0.7944319874120664,0.9912117591808289
1741732902.1620955,0.13543102364275503,0.7963562482611893,0.9907867773145341
1741732902.2123115,0.1385564321534657,0.798260608029487,0.9903545402436302
1741732902.262472,0.14167700963532306,0.8001549297099666,0.9899129382016737
1741732902.313175,0.1448299143117995,0.8020616661616164,0.9894565661032204
1741732902.3634279,0.14795337801924544,0.8039434430355468,0.9889943368002825
1741732902.413642,0.1510729656671111,0.8058157665453897,0.9885226144812573
1741732902.4641507,0.15420932064767556,0.8076909720180792,0.9880382005406989
1741732902.5143657,0.15732591936572995,0.8095472220403487,0.9875467358074779
1741732902.564567,0.160440098876291,0.8113949080799984,0.9870455789814294
1741732902.6147945,0.16355428448013445,0.8132354665258403,0.9865343361223388
1741732902.6650105,0.16666615060266282,0.8150675197743659,0.9860133845792166
1741732902.715276,0.16977941199171545,0.8168932466705457,0.9854820909563657
1741732902.7654989,0.17288835274587108,0.818709293739449,0.9849414286254267
1741732902.8157175,0.17599529320467686,0.8205170264029271,0.984391008244974
1741732902.866128,0.17911235621310118,0.8223234580661501,0.9838286254228611
1741732902.91642,0.18222029646665386,0.8241174197599932,0.9832577301557871
1741732902.9666312,0.1853214239363916,0.8259002875586594,0.9826779585355169
1741732903.0168376,0.18842041419335195,0.82767476781411,0.9820884623507042
1741732903.0670497,0.19151788044022577,0.8294412114428743,0.981489124669579
1741732903.117329,0.19461757681071265,0.8312017437788703,0.980879197034528
1741732903.167554,0.19771198586742975,0.8329520924028331,0.9802601547695953
1741732903.2177465,0.20080244071328607,0.8346930299510155,0.979631757444552
1741732903.2679253,0.2038900523070666,0.8364251921256797,0.9789937931193842
1741732903.3181586,0.20697897563729012,0.8381509011866815,0.9783453909769954
1741732903.3683507,0.2100633166878033,0.8398668614327429,0.9776877842080388
1741732903.4185257,0.2131445203019033,0.8415738891845658,0.9770206824210385
1741732903.4687798,0.2162284502068584,0.8432752197103962,0.9763427972490134
1741732903.5190318,0.21931009343574728,0.844968070929626,0.9756552072027097
1741732903.5693297,0.22239236872738946,0.8466540367424462,0.9749572476586029
1741732903.6195846,0.22546978068335913,0.848330110620847,0.9742501621423793
1741732903.6697955,0.2285422608529808,0.8499962740766475,0.9735339929584776
1741732903.7199905,0.23161149510384754,0.8516534542370408,0.9728083653951711
1741732903.7702072,0.2346797581981012,0.8533028780398203,0.9720727398424076
1741732903.8204472,0.2377471034079956,0.8549445643792891,0.9713270897485133
1741732903.870848,0.2408218707621961,0.8565829371281231,0.9705693313856403
1741732903.9210598,0.24388271990897673,0.8582066313182118,0.9698047326132704
1741732903.9713302,0.24694470819048808,0.8598236627075615,0.9690295720830836
1741732904.021539,0.2500004815177061,0.8614301482817776,0.9682457124724133
1741732904.071755,0.25305419927831907,0.8630282865647183,0.9674521035758685
1741732904.1220026,0.25610732804356506,0.8646188366231976,0.9666483523048092
1741732904.1722836,0.2591599333107385,0.8662018183886475,0.9658344213492428
1741732904.2228076,0.26222467679954414,0.8677837375301992,0.9650068493951068
1741732904.27303,0.2652685168946895,0.8693475518503196,0.9641745767504855
1741732904.3232899,0.2683119692404452,0.8709038592692099,0.9633320754937906
1741732904.3734972,0.2713495762703364,0.8724498723044569,0.9624808610960098
1741732904.4237108,0.2743848554923257,0.8739873913192145,0.9616199621472046
1741732904.473925,0.27741746073422213,0.8755162394052481,0.9607494746335379
1741732904.5241325,0.2804468753447011,0.8770361574483767,0.9598695487635399
1741732904.5746946,0.2834948766985788,0.8785579952973346,0.9589737511658424
1741732904.624928,0.28652022975091385,0.8800611589587021,0.958074192580177
1741732904.6751506,0.2895420724061009,0.881555231890814,0.9571652881590917
1741732904.7253916,0.29256214334198805,0.8830410720716139,0.9562465125887996
1741732904.7757027,0.29558349832841496,0.8845201634461507,0.9553169087147063
1741732904.825932,0.2985970074792515,0.8859880390766388,0.954379289218851
1741732904.8762708,0.3016140920275447,0.887450256108222,0.9534300918583325
1741732904.9265165,0.3046225956629345,0.8889009194263524,0.9524731359924425
1741732904.97674,0.30762673038354277,0.8903420854636043,0.9515071178579383
1741732905.0269735,0.3106283966410931,0.8917746686437937,0.950531430193678
1741732905.0771964,0.31362634585776705,0.8931980731722609,0.9495464789965791
1741732905.1274285,0.31662170914910354,0.8946128364094772,0.9485518930935807
1741732905.177698,0.3196161493343224,0.896019733430512,0.947547105787155
1741732905.2278993,0.32260335296579423,0.8974158047356723,0.946534245160263
1741732905.278128,0.32558896718923586,0.8988036985816271,0.9455114092677438
1741732905.328731,0.32859354694130316,0.9001928806740667,0.9444714297025192
1741732905.3789308,0.33157090607696443,0.9015620030780697,0.9434303020700482
1741732905.4292552,0.33455235291427976,0.9029255249711267,0.9423771664175034
1741732905.4794946,0.3375254192738341,0.9042777353715383,0.941316414376396
1741732905.529711,0.34049376337840365,0.9056203222773498,0.9402467749137168
1741732905.579956,0.3434604111580371,0.9069546530490873,0.9391671558392494
1741732905.6301801,0.3464224057089822,0.9082793959869765,0.9380786307488331
1741732905.6804266,0.34938226291935837,0.9095956759953154,0.9369802746092899
1741732905.7306273,0.35233594628751286,0.9109017032654941,0.9358735927506195
1741732905.7808046,0.35528474530001725,0.912198063515899,0.9347581240171496
1741732905.8309855,0.3582302354892006,0.913485453809599,0.9336332786726138
1741732905.881506,0.3611920485647754,0.9147723772515218,0.9324914502138194
1741732905.9317145,0.3641319725231776,0.9160422243136954,0.9313473612242018
1741732905.9819868,0.36707200120469663,0.917304550941329,0.9301925320110215
1741732906.0327032,0.3700342825418123,0.918568751414636,0.9290181001605229
1741732906.0828965,0.37296232029563503,0.9198107329955788,0.927846489634103
1741732906.1331236,0.3758886231372768,0.9210443959528359,0.9266648497094836
1741732906.1833413,0.3788106168920067,0.9222686495875312,0.9254742120802246
1741732906.233536,0.38172751714948816,0.9234831726251252,0.9242749068058433
1741732906.283759,0.3846422573166731,0.9246891852216148,0.9230657260405783
1741732906.334038,0.3875564091165359,0.9258873185263029,0.9218459906413768
1741732906.384241,0.3904623032411666,0.927074423899127,0.9206189170665857
1741732906.4344513,0.3933647232891706,0.9282524712211453,0.9193825075501604
1741732906.4846916,0.3962649658014102,0.9294219782279245,0.918136197739913
1741732906.5349352,0.3991614509304323,0.9305823001992026,0.9168806557111409
1741732906.5853674,0.40206480475776374,0.9317376498585873,0.9156112130732946
1741732906.6356206,0.40495383486172865,0.9328795917927284,0.9143371327718532
1741732906.6859088,0.4078408412893094,0.9340130209737378,0.9130530372959178
1741732906.7361007,0.4107182599160504,0.9351349818403619,0.9117623109750507
1741732906.786359,0.4135953924812866,0.9362491082103008,0.9104607910642945
1741732906.836573,0.4164658673727988,0.9373529276817631,0.9091513526716529
1741732906.8867614,0.4193307356578244,0.9384468606053223,0.907833539195382
1741732906.9369705,0.42219260927082397,0.9395319054850388,0.9065061507990345
1741732906.987192,0.42505099597265295,0.9406078680000258,0.9051694049105163
1741732907.0374124,0.42790508298934216,0.9416744395609593,0.9038236778925799
1741732907.0876184,0.4307540891251735,0.9427313318739623,0.9024693432318239
1741732907.1378558,0.4336005946620615,0.9437794981671481,0.901105168714489
1741732907.1880853,0.4364423375580914,0.9448180999600094,0.899732230591959
1741732907.2383018,0.4392789836448121,0.9458470200506655,0.8983506972841919
1741732907.2885022,0.44211036111806346,0.946866202943995,0.8969606621133929
1741732907.3386981,0.4449370865279376,0.9478758753498545,0.8955618291456302
1741732907.3889294,0.44776137136466065,0.9488768199538885,0.8941530937753568
1741732907.43936,0.4505923703089332,0.9498722260431467,0.8927298116549771
1741732907.4895856,0.4534073700363419,0.9508541087389483,0.8913034037849201
1741732907.5397956,0.456216979177194,0.9518262204382352,0.8898685682256467
1741732907.589997,0.45902157115880243,0.9527886960560763,0.8884251223485683
1741732907.640216,0.46182258747896054,0.953742028096454,0.8869723211617193
1741732907.6904504,0.46461985023252467,0.9546861482001399,0.8855102458956936
1741732907.7406557,0.4674108639778108,0.9556202174364513,0.8840402055649972
1741732907.7910342,0.47020684011356,0.9565479536203262,0.8825562465553268
1741732907.8413637,0.4729953741500065,0.9574652112248409,0.881064910695906
1741732907.89158,0.47577295261380387,0.9583708732268328,0.8795681317507332
1741732907.941775,0.47854460396189963,0.9592666112956015,0.8780632453603152
1741732907.9919817,0.4813121353726192,0.9601530118550594,0.8765492736749976
1741732908.0422199,0.4840766112568082,0.9610304054761335,0.8750256197818358
1741732908.0924325,0.48683485813966254,0.961897783532906,0.8734940307431442
1741732908.142662,0.4895891817303225,0.9627558732060877,0.8719532292386333
1741732908.1928737,0.49233766905043946,0.963604078692481,0.8704042856536663
1741732908.2430692,0.4950803626013298,0.9644424212932204,0.8688471876112809
1741732908.2932758,0.49781873903076057,0.9652713536275964,0.8672810985640664
1741732908.3434803,0.5005520453961938,0.9660906455904402,0.8657064460367018
1741732908.3937209,0.503282328238767,0.9669009023900598,0.8641220393818709
1741732908.4439993,0.5060096395545369,0.9677021215172262,0.8625278230549325
1741732908.4942524,0.5087305539964794,0.968493293564825,0.8609257948856383
1741732908.5444982,0.5114459867076364,0.9692746925678251,0.8593154272749265
1741732908.5947304,0.5141555806296643,0.9700462209991395,0.8576969393570079
